{
  "total" : 28932584,
  "lines" : {
    "Java" : 3148443,
    "CSS" : 80959,
    "PLpgSQL" : 1338,
    "HTML" : 2304167,
    "Svelte" : 8729,
    "Jupyter Notebook" : 13509615,
    "EJS" : 3964,
    "TypeScript" : 3672026,
    "Dockerfile" : 46894,
    "Shell" : 55513,
    "Solidity" : 19814,
    "Astro" : 688318,
    "SCSS" : 1054086,
    "JavaScript" : 1027392,
    "PHP" : 93875,
    "Slim" : 279,
    "Swift" : 3678,
    "Ruby" : 1950,
    "Python" : 3210681,
    "GLSL" : 863
  },
  "percentage" : {
    "Java" : 10.881997266472984,
    "CSS" : 0.27981945891870563,
    "PLpgSQL" : 0.004624543732422932,
    "HTML" : 7.963917083935537,
    "Svelte" : 0.030170136203527483,
    "Jupyter Notebook" : 46.69342703714262,
    "EJS" : 0.013700815661677506,
    "TypeScript" : 12.691662797902877,
    "Dockerfile" : 0.16208023452035947,
    "Shell" : 0.1918701765455861,
    "Solidity" : 0.06848334044411657,
    "Astro" : 2.379040876542517,
    "SCSS" : 3.643248732985619,
    "JavaScript" : 3.5509859748441412,
    "PHP" : 0.3244611680726478,
    "Swift" : 0.012712310798095323,
    "Slim" : 9.643106885994005E-4,
    "Ruby" : 0.006739805888060326,
    "GLSL" : 0.0029827961443056727,
    "Python" : 11.097111132555598
  }
}